{
    "prepare_queue": {
        "installed": [],
        "uninstalled": []
    },
    "config_munge": {
        "files": {
            "res/xml/config.xml": {
                "parents": {
                    "/*": [
                        {
                            "xml": "<feature name=\"Device\"><param name=\"android-package\" value=\"org.apache.cordova.device.Device\" /></feature>",
                            "count": 1
                        },
                        {
                            "xml": "<feature name=\"SplashScreen\"><param name=\"android-package\" value=\"org.apache.cordova.splashscreen.SplashScreen\" /><param name=\"onload\" value=\"true\" /></feature>",
                            "count": 1
                        },
                        {
                            "xml": "<feature name=\"StatusBar\"><param name=\"android-package\" value=\"org.apache.cordova.statusbar.StatusBar\" /><param name=\"onload\" value=\"true\" /></feature>",
                            "count": 1
                        },
                        {
                            "xml": "<feature name=\"Whitelist\"><param name=\"android-package\" value=\"org.apache.cordova.whitelist.WhitelistPlugin\" /><param name=\"onload\" value=\"true\" /></feature>",
                            "count": 1
                        },
                        {
                            "xml": "<feature name=\"Keyboard\"><param name=\"android-package\" value=\"io.ionic.keyboard.IonicKeyboard\" /><param name=\"onload\" value=\"true\" /></feature>",
                            "count": 1
                        },
                        {
                            "xml": "<feature name=\"BackgroundMode\"><param name=\"android-package\" value=\"de.appplant.cordova.plugin.background.BackgroundMode\" /></feature>",
                            "count": 1
                        },
                        {
                            "xml": "<preference name=\"KeepRunning\" value=\"true\" />",
                            "count": 1
                        },
                        {
                            "xml": "<feature name=\"PowerManagement\"><param name=\"android-package\" value=\"org.apache.cordova.powermanagement.PowerManagement\" /></feature>",
                            "count": 1
                        },
                        {
                            "xml": "<feature name=\"Insomnia\"><param name=\"android-package\" value=\"nl.xservices.plugins.Insomnia\" /></feature>",
                            "count": 1
                        }
                    ]
                }
            },
            "AndroidManifest.xml": {
                "parents": {
                    "/manifest/application": [
                        {
                            "xml": "<service android:name=\"de.appplant.cordova.plugin.background.ForegroundService\" />",
                            "count": 1
                        }
                    ],
                    "/manifest": [
                        {
                            "xml": "<uses-permission android:name=\"android.permission.WAKE_LOCK\" />",
                            "count": 1
                        }
                    ],
                    "/*": [
                        {
                            "xml": "<uses-permission android:name=\"android.permission.WAKE_LOCK\" />",
                            "count": 1
                        }
                    ]
                }
            }
        }
    },
    "installed_plugins": {
        "cordova-plugin-console": {
            "PACKAGE_NAME": "com.ionicframework.appventas829232"
        },
        "cordova-plugin-device": {
            "PACKAGE_NAME": "com.ionicframework.appventas829232"
        },
        "cordova-plugin-splashscreen": {
            "PACKAGE_NAME": "com.ionicframework.appventas829232"
        },
        "cordova-plugin-statusbar": {
            "PACKAGE_NAME": "com.ionicframework.appventas829232"
        },
        "cordova-plugin-whitelist": {
            "PACKAGE_NAME": "com.ionicframework.appventas829232"
        },
        "ionic-plugin-keyboard": {
            "PACKAGE_NAME": "com.ionicframework.appventas829232"
        },
        "cordova-plugin-background-mode": {
            "PACKAGE_NAME": "com.ionicframework.appventas829232"
        },
        "at.gofg.sportscomputer.powermanagement": {
            "PACKAGE_NAME": "com.ionicframework.appventas829232"
        },
        "cordova-plugin-insomnia": {
            "PACKAGE_NAME": "com.ionicframework.appventas829232"
        }
    },
    "dependent_plugins": {},
    "modules": [
        {
            "file": "plugins/cordova-plugin-device/www/device.js",
            "id": "cordova-plugin-device.device",
            "clobbers": [
                "device"
            ]
        },
        {
            "file": "plugins/cordova-plugin-splashscreen/www/splashscreen.js",
            "id": "cordova-plugin-splashscreen.SplashScreen",
            "clobbers": [
                "navigator.splashscreen"
            ]
        },
        {
            "file": "plugins/cordova-plugin-statusbar/www/statusbar.js",
            "id": "cordova-plugin-statusbar.statusbar",
            "clobbers": [
                "window.StatusBar"
            ]
        },
        {
            "file": "plugins/ionic-plugin-keyboard/www/android/keyboard.js",
            "id": "ionic-plugin-keyboard.keyboard",
            "clobbers": [
                "cordova.plugins.Keyboard"
            ],
            "runs": true
        },
        {
            "file": "plugins/cordova-plugin-background-mode/www/background-mode.js",
            "id": "cordova-plugin-background-mode.BackgroundMode",
            "clobbers": [
                "cordova.plugins.backgroundMode",
                "plugin.backgroundMode"
            ]
        },
        {
            "file": "plugins/at.gofg.sportscomputer.powermanagement/www/powermanagement.js",
            "id": "at.gofg.sportscomputer.powermanagement.device",
            "clobbers": [
                "window.powerManagement"
            ]
        },
        {
            "file": "plugins/cordova-plugin-insomnia/www/Insomnia.js",
            "id": "cordova-plugin-insomnia.Insomnia",
            "clobbers": [
                "window.plugins.insomnia"
            ]
        }
    ],
    "plugin_metadata": {
        "cordova-plugin-console": "1.0.5",
        "cordova-plugin-device": "1.1.4",
        "cordova-plugin-splashscreen": "4.0.1",
        "cordova-plugin-statusbar": "2.2.1",
        "cordova-plugin-whitelist": "1.3.1",
        "ionic-plugin-keyboard": "2.2.1",
        "cordova-plugin-background-mode": "0.6.6-dev",
        "at.gofg.sportscomputer.powermanagement": "1.1.0",
        "cordova-plugin-insomnia": "4.2.0"
    }
}